date,newCasesBySpecimenDate,cumCasesBySpecimenDate,newDeaths28DaysByDeathDate,cumDeaths28DaysByDeathDate,B.1.1.7,B.1.617.2,cumPeopleVaccinatedFirstDoseByVaccinationDate,cumPeopleVaccinatedSecondDoseByVaccinationDate
2020-01-30,2.7583163237160036e-05,4.582283608530013e-07,0.0,0.0,0.0,0.0,0.0,0.0
2020-01-31,0.0,4.582283608530013e-07,0.0,0.0,0.0,0.0,0.0,0.0
2020-02-01,0.0,4.582283608530013e-07,0.0,0.0,0.0,0.0,0.0,0.0
2020-02-02,0.0,4.582283608530013e-07,0.0,0.0,0.0,0.0,0.0,0.0
2020-02-03,0.0,4.582283608530013e-07,0.0,0.0,0.0,0.0,0.0,0.0
2020-02-04,0.0,4.582283608530013e-07,0.0,0.0,0.0,0.0,0.0,0.0
2020-02-05,1.3791581618580018e-05,6.873425412795019e-07,0.0,0.0,0.0,0.0,0.0,0.0
2020-02-06,0.0,6.873425412795019e-07,0.0,0.0,0.0,0.0,0.0,0.0
2020-02-07,0.0,6.873425412795019e-07,0.0,0.0,0.0,0.0,0.0,0.0
2020-02-08,5.516632647432007e-05,1.6037992629855045e-06,0.0,0.0,0.0,0.0,0.0,0.0
2020-02-09,1.3791581618580018e-05,1.832913443412005e-06,0.0,0.0,0.0,0.0,0.0,0.0
2020-02-10,0.0,1.832913443412005e-06,0.0,0.0,0.0,0.0,0.0,0.0
2020-02-11,1.3791581618580018e-05,2.0620276238385057e-06,0.0,0.0,0.0,0.0,0.0,0.0
2020-02-12,0.0,2.0620276238385057e-06,0.0,0.0,0.0,0.0,0.0,0.0
2020-02-13,0.0,2.0620276238385057e-06,0.0,0.0,0.0,0.0,0.0,0.0
2020-02-14,0.0,2.0620276238385057e-06,0.0,0.0,0.0,0.0,0.0,0.0
2020-02-15,0.0,2.0620276238385057e-06,0.0,0.0,0.0,0.0,0.0,0.0
2020-02-16,0.0,2.0620276238385057e-06,0.0,0.0,0.0,0.0,0.0,0.0
2020-02-17,0.0,2.0620276238385057e-06,0.0,0.0,0.0,0.0,0.0,0.0
2020-02-18,0.0,2.0620276238385057e-06,0.0,0.0,0.0,0.0,0.0,0.0
2020-02-19,0.0,2.0620276238385057e-06,0.0,0.0,0.0,0.0,0.0,0.0
2020-02-20,0.0,2.0620276238385057e-06,0.0,0.0,0.0,0.0,0.0,0.0
2020-02-21,1.3791581618580018e-05,2.291141804265006e-06,0.0,0.0,0.0,0.0,0.0,0.0
2020-02-22,0.0,2.291141804265006e-06,0.0,0.0,0.0,0.0,0.0,0.0
2020-02-23,1.3791581618580018e-05,2.520255984691507e-06,0.0,0.0,0.0,0.0,0.0,0.0
2020-02-24,2.7583163237160036e-05,2.978484345544508e-06,0.0,0.0,0.0,0.0,0.0,0.0
2020-02-25,6.89579080929001e-05,4.124055247677011e-06,0.0,0.0,0.0,0.0,0.0,0.0
2020-02-26,5.516632647432007e-05,5.040511969383014e-06,0.0,0.0,0.0,0.0,0.0,0.0
2020-02-27,9.654107133006013e-05,6.644311232368518e-06,0.0,0.0,0.0,0.0,0.0,0.0
2020-02-28,0.0001517073978043802,9.164567217060024e-06,0.0,0.0,0.0,0.0,0.0,0.0
2020-02-29,6.89579080929001e-05,1.0310138119192529e-05,0.0,0.0,0.0,0.0,0.0,0.0
2020-03-01,0.0002758316323716004,1.4892421727722542e-05,0.0,0.0,0.0,0.0,0.0,0.0
2020-03-02,0.0005240801015060407,2.3598760583929564e-05,0.0008038585209003215,8.859122238168643e-06,0.0,0.0,0.0,0.0
2020-03-03,0.0007309538257847409,3.57418121465341e-05,0.001607717041800643,2.6577366714505926e-05,0.0,0.0,0.0,0.0
2020-03-04,0.0006757874993104209,4.696840698743263e-05,0.0,2.6577366714505926e-05,0.0,0.0,0.0,0.0
2020-03-05,0.0006344127544546809,5.750765928705166e-05,0.002411575562700965,5.315473342901185e-05,0.0,0.0,0.0,0.0
2020-03-06,0.0010067854581563413,7.42329944581862e-05,0.0,5.315473342901185e-05,0.0,0.0,0.0,0.0
2020-03-07,0.000758536989021901,8.683427438164374e-05,0.0,5.315473342901185e-05,0.0,0.0,0.0,0.0
2020-03-08,0.000689579080929001,9.828998340296876e-05,0.002411575562700965,7.973210014351777e-05,0.0,0.0,0.0,0.0
2020-03-09,0.0017239477023225024,0.00012692925595628136,0.0040192926045016075,0.00012402771133436099,0.0,0.0,0.0,0.0
2020-03-10,0.0031306890274176644,0.000178938174913097,0.002411575562700965,0.00015060507804886693,0.0,0.0,0.0,0.0
2020-03-11,0.004868428311358746,0.0002598154806036517,0.006430868167202572,0.00022147805595421606,0.0,0.0,0.0,0.0
2020-03-12,0.005709714790092127,0.000354668751300223,0.00964630225080386,0.00032778752281223975,0.0,0.0,0.0,0.0
2020-03-13,0.005406299994483367,0.00044448151002741124,0.012861736334405145,0.00046953347862293805,0.0,0.0,0.0,0.0
2020-03-14,0.004344348209852706,0.0005166524768617589,0.01607717041800643,0.0006467159233863108,0.0,0.0,0.0,0.0
2020-03-15,0.005461466320957687,0.0006073816923106532,0.02572347266881029,0.0009302078350077075,0.0,0.0,0.0,0.0
2020-03-16,0.00751641198212611,0.0007322489206430961,0.03456591639871383,0.001311150091248959,0.0,0.0,0.0,0.0
2020-03-17,0.009392067082252993,0.000888275677513543,0.04019292604501608,0.0017541062031573912,0.0,0.0,0.0,0.0
2020-03-18,0.012522756109670657,0.0010963113533408056,0.053858520900321546,0.00234766739311469,0.0,0.0,0.0,0.0
2020-03-19,0.012771004578805097,0.001308471084415745,0.053858520900321546,0.0029412285830719893,0.0,0.0,0.0,0.0
2020-03-20,0.01499144921939648,0.0015575181985393513,0.0819935691318328,0.0038448590513651907,0.0,0.0,0.0,0.0
2020-03-21,0.014219120648755999,0.0017937349185590734,0.0932475884244373,0.004872517230992753,0.0,0.0,0.0,0.0
2020-03-22,0.016632647432007503,0.0020700466201534332,0.1229903536977492,0.006227962933432555,0.0,0.0,0.0,0.0
2020-03-23,0.027734870634964416,0.002530795236991126,0.13906752411575563,0.007760591080635731,0.0,0.0,0.0,0.0
2020-03-24,0.027955535940861698,0.0029952096807156427,0.1760450160771704,0.009700738850794663,0.0,0.0,0.0,0.0
2020-03-25,0.031113808131516523,0.0035120912717578282,0.22347266881028938,0.012163574833005546,0.0,0.0,0.0,0.0
2020-03-26,0.03598223644287527,0.004109850168490569,0.2709003215434084,0.015149099027268378,0.0,0.0,0.0,0.0
2020-03-27,0.03653389970761847,0.004716773632440369,0.30064308681672025,0.01846241074434345,0.0,0.0,0.0,0.0
2020-03-28,0.032658465272797484,0.005259316011690322,0.3086816720257235,0.02186431368380021,0.0,0.0,0.0,0.0
2020-03-29,0.033596292822860925,0.005817438155209277,0.3729903536977492,0.025974946402310458,0.0,0.0,0.0,0.0
2020-03-30,0.048463617807690186,0.006622545385228001,0.43569131832797425,0.030776590655397864,0.0,0.0,0.0,0.0
2020-03-31,0.052187344844706794,0.007489513443961879,0.48392282958199356,0.03610978224277538,0.0,0.0,0.0,0.0
2020-04-01,0.05684889943178684,0.008433922095679915,0.5610932475884244,0.0422934495650171,0.0,0.0,0.0,0.0
2020-04-02,0.056076570861146355,0.009365500353294066,0.5884244372990354,0.048778327043356544,0.0,0.0,0.0,0.0
2020-04-03,0.05626965300380648,0.01030028620943419,0.5972668810289389,0.05536065486631585,0.0,0.0,0.0,0.0
2020-04-04,0.04660175428918188,0.011074463025095335,0.6744372990353698,0.06279345842413933,0.0,0.0,0.0,0.0
2020-04-05,0.04240911347713356,0.011778989129906823,0.6663987138263665,0.07013767075958115,0.0,0.0,0.0,0.0
2020-04-06,0.06029679483643184,0.012780676326731485,0.6479099678456591,0.07727812328354507,0.0,0.0,0.0,0.0
2020-04-07,0.06297236167043636,0.013826811674558886,0.7315112540192926,0.08533992452027853,0.0,0.0,0.0,0.0
2020-04-08,0.05911071881723396,0.014808795051866868,0.7837620578778135,0.09397756870249295,0.0,0.0,0.0,0.0
2020-04-09,0.05595244662657914,0.01573831128185718,0.7017684887459807,0.10171158241641418,0.0,0.0,0.0,0.0
2020-04-10,0.049346279031279305,0.0165580818194232,0.6832797427652733,0.10924183631885753,0.0,0.0,0.0,0.0
2020-04-11,0.04220223975285486,0.01725917121152829,0.6945337620578779,0.11689611793263524,0.0,0.0,0.0,0.0
2020-04-12,0.040561041540243835,0.01793299601616263,0.6889067524115756,0.12448838569074576,0.0,0.0,0.0,0.0
2020-04-13,0.047277541788492305,0.018718399426664676,0.6471061093247589,0.13161997909247153,0.0,0.0,0.0,0.0
2020-04-14,0.04883599051139185,0.019529692739554915,0.6181672025723473,0.1384326440936232,0.0,0.0,0.0,0.0
2020-04-15,0.05815909968555194,0.020495867238413467,0.6286173633440515,0.1453604776838711,0.0,0.0,0.0,0.0
2020-04-16,0.05996579687758592,0.02149205569490789,0.6069131832797428,0.15204911497368842,0.0,0.0,0.0,0.0
2020-04-17,0.05610415402438352,0.022424092180882895,0.5964630225080386,0.15862258367440954,0.0,0.0,0.0,0.0
2020-04-18,0.056614442544270976,0.02336460589153368,0.567524115755627,0.1648771239745566,0.0,0.0,0.0,0.0
2020-04-19,0.047856788216472664,0.02415963209761364,0.5514469453376206,0.1709544818299403,0.0,0.0,0.0,0.0
2020-04-20,0.05069785402990015,0.025001855824861453,0.5506430868167203,0.1770229805630858,0.0,0.0,0.0,0.0
2020-04-21,0.05483532851547415,0.025912813806237223,0.522508038585209,0.18278141001789544,0.0,0.0,0.0,0.0
2020-04-22,0.06615821702432835,0.027011874529743143,0.5168810289389068,0.18847782561703785,0.0,0.0,0.0,0.0
2020-04-23,0.06279307110939482,0.028055031393225002,0.477491961414791,0.19374014422651004,0.0,0.0,0.0,0.0
2020-04-24,0.059938213714348765,0.029050761621358574,0.4847266881028939,0.19908219493612572,0.0,0.0,0.0,0.0
2020-04-25,0.046505213217851823,0.029823334637756733,0.44614147909967844,0.20399900777830932,0.0,0.0,0.0,0.0
2020-04-26,0.04322281679262978,0.030541378479213385,0.45016077170418006,0.20896011623168376,0.0,0.0,0.0,0.0
2020-04-27,0.0555662823412589,0.031464479512151755,0.4067524115755627,0.2134428320841971,0.0,0.0,0.0,0.0
2020-04-28,0.056628234125889555,0.03240522233698297,0.40112540192926044,0.21786353408104325,0.0,0.0,0.0,0.0
2020-04-29,0.06519280631102775,0.03348824506785904,0.3971061093247588,0.22223994046669857,0.0,0.0,0.0,0.0
2020-04-30,0.05938655044960556,0.03447481072877555,0.3890675241157556,0.22652775562997218,0.0,0.0,0.0,0.0
2020-05-01,0.056324819330280794,0.03541051304163738,0.385048231511254,0.23077127518205495,0.0,0.0,0.0,0.0
2020-05-02,0.037788933634909254,0.03603828589600599,0.3408360128617363,0.23452754301103845,0.0,0.0,0.0,0.0
2020-05-03,0.036285651238484026,0.03664108530470811,0.31189710610932475,0.2379648824394479,0.0,0.0,0.0,0.0
2020-05-04,0.039209466541622995,0.037292456919660655,0.3311897106109325,0.2416148408015734,0.0,0.0,0.0,0.0
2020-05-05,0.04323660837424836,0.03801072987529774,0.31511254019292606,0.24508761671893547,0.0,0.0,0.0,0.0
2020-05-06,0.04496055607657086,0.03875764210348812,0.3135048231511254,0.24854267439182126,0.0,0.0,0.0,0.0
2020-05-07,0.04418822750593038,0.039491723937574635,0.3207395498392283,0.25207746416485055,0.0,0.0,0.0,0.0
2020-05-08,0.03612015225906107,0.04009177397611164,0.2652733118971061,0.2550009745034462,0.0,0.0,0.0,0.0
2020-05-09,0.024728305842113975,0.040502575701616354,0.2652733118971061,0.25792448484204183,0.0,0.0,0.0,0.0
2020-05-10,0.027610746400397197,0.04096126229083021,0.24115755627009647,0.2605822215134924,0.0,0.0,0.0,0.0
2020-05-11,0.0422436144977106,0.04166303902547658,0.2090032154340836,0.2628855932954163,0.0,0.0,0.0,0.0
2020-05-12,0.040230043581397916,0.042331365089780686,0.22106109324758844,0.2653218519109127,0.0,0.0,0.0,0.0
2020-05-13,0.039774921387984774,0.04299213038613071,0.2057877813504823,0.2675897872038838,0.0,0.0,0.0,0.0
2020-05-14,0.030493186958680422,0.0434987018390537,0.22266881028938906,0.27004376406385655,0.0,0.0,0.0,0.0
2020-05-15,0.02934848568433828,0.0439862568150013,0.2162379421221865,0.2724268679459239,0.0,0.0,0.0,0.0
2020-05-16,0.024369724720030895,0.044391101571814924,0.21543408360128619,0.27480111270575314,0.0,0.0,0.0,0.0
2020-05-17,0.02187344844706791,0.044754476661971354,0.17926045016077172,0.27677669696486473,0.0,0.0,0.0,0.0
2020-05-18,0.03039664588735036,0.045259444315631364,0.20337620578778134,0.2790180548911214,0.0,0.0,0.0,0.0
2020-05-19,0.03562365532079219,0.04585124624367301,0.18569131832797428,0.2810645121281383,0.0,0.0,0.0,0.0
2020-05-20,0.03229988415071441,0.046387831654231874,0.18810289389067525,0.2831375467318698,0.0,0.0,0.0,0.0
2020-05-21,0.031293098692558065,0.04690769172961961,0.16157556270096463,0.2849182303017417,0.0,0.0,0.0,0.0
2020-05-22,0.024700722678876814,0.04731803522676347,0.1567524115755627,0.2866457591381846,0.0,0.0,0.0,0.0
2020-05-23,0.017942847685772603,0.04761611277549835,0.1607717041800643,0.2884175835858183,0.0,0.0,0.0,0.0
2020-05-24,0.016563689523914602,0.047891278906190576,0.13585209003215434,0.28991477524406883,0.0,0.0,0.0,0.0
2020-05-25,0.018977216307166107,0.048206540018457436,0.14067524115755628,0.29146512163574834,0.0,0.0,0.0,0.0
2020-05-26,0.019984001765322446,0.04853852646589544,0.15192926045016078,0.2931394957387622,0.0,0.0,0.0,0.0
2020-05-27,0.02220444640591383,0.0489074002963821,0.13665594855305466,0.29464554651925084,0.0,0.0,0.0,0.0
2020-05-28,0.021666574722789208,0.04926733867383214,0.14630225080385853,0.2962579067665976,0.0,0.0,0.0,0.0
2020-05-29,0.018908258399073206,0.04958145421519687,0.1310289389067524,0.29770194369141906,0.0,0.0,0.0,0.0
2020-05-30,0.013763998455342858,0.049810110167262514,0.11655948553054662,0.29898651641595353,0.0,0.0,0.0,0.0
2020-05-31,0.013598499475919899,0.05003601674916305,0.09003215434083602,0.2999787381066284,0.0,0.0,0.0,0.0
2020-06-01,0.018122138246814145,0.05033707278224347,0.09807073954983923,0.30105955101968496,0.0,0.0,0.0,0.0
2020-06-02,0.018591052021845866,0.05064591869745839,0.12459807073954984,0.3024327149666011,0.0,0.0,0.0,0.0
2020-06-03,0.017060186462183484,0.050929332938645974,0.11093247588424437,0.30365527383546836,0.0,0.0,0.0,0.0
2020-06-04,0.01577756937165554,0.05119143956105389,0.0972668810289389,0.3047272276262868,0.0,0.0,0.0,0.0
2020-06-05,0.014094996414188779,0.05142559425344977,0.08762057877813505,0.3056928719502472,0.0,0.0,0.0,0.0
2020-06-06,0.009998896673470514,0.05159170203425899,0.07877813504823152,0.3065610659295877,0.0,0.0,0.0,0.0
2020-06-07,0.009171401776355713,0.05174406296424261,0.09083601286173633,0.30756214674250076,0.0,0.0,0.0,0.0
2020-06-08,0.013667457384012798,0.05197111511704527,0.09003215434083602,0.30855436843317563,0.0,0.0,0.0,0.0
2020-06-09,0.01452253544436476,0.05221237234903438,0.06832797427652733,0.30930739382342,0.0,0.0,0.0,0.0
2020-06-10,0.01488111656644784,0.05245958654971457,0.07797427652733119,0.3101667286805223,0.0,0.0,0.0,0.0
2020-06-11,0.012577922436144978,0.05266853868226354,0.05707395498392283,0.3107957263594323,0.0,0.0,0.0,0.0
2020-06-12,0.013005461466320957,0.05288459335440573,0.058681672025723476,0.31144244228281864,0.0,0.0,0.0,0.0
2020-06-13,0.010909141060296794,0.05306582267112309,0.04180064308681672,0.3119031166392034,0.0,0.0,0.0,0.0
2020-06-14,0.010247145142604955,0.05323605450717998,0.06109324758842444,0.3125764099293042,0.00031938677738741617,0.0,0.0,0.0
2020-06-15,0.012936503558228058,0.05345096360842004,0.04903536977491962,0.3131168163858325,0.0,0.0,0.0,0.0
2020-06-16,0.013667457384012798,0.0536780157612227,0.05546623794212219,0.3137280958202661,0.0,0.0,0.0,0.0
2020-06-17,0.012550339272907817,0.053886509665410816,0.04340836012861737,0.31420648842112725,0.0,0.0,0.0,0.0
2020-06-18,0.013005461466320957,0.054102564337553005,0.04581993569131833,0.31471145838870285,0.0,0.0,0.0,0.0
2020-06-19,0.011295305345617035,0.05429020885132231,0.03778135048231511,0.31512783713389675,0.0,0.0,0.0,0.0
2020-06-20,0.008661113256468251,0.054434092556630155,0.04340836012861737,0.3156062297347579,0.0,0.0,0.0,0.0
2020-06-21,0.00758536989021901,0.054560105355864724,0.03778135048231511,0.3160226084799518,0.0,0.0,0.0,0.0
2020-06-22,0.011240139019142715,0.054746833412912324,0.04662379421221865,0.31653643756976557,0.0,0.0,0.0,0.0
2020-06-23,0.010067854581563413,0.05491408676462367,0.04903536977491962,0.3170768440262939,0.0,0.0,0.0,0.0
2020-06-24,0.010026479836707673,0.05508065277379374,0.053858520900321546,0.3176704052162512,0.0,0.0,0.0,0.0
2020-06-25,0.008743862746179732,0.05522591116418414,0.04662379421221865,0.31818423430606496,0.0,0.0,0.0,0.0
2020-06-26,0.008854195399128371,0.05537300246801795,0.0297427652733119,0.31851202182887717,0.0,0.0,0.0,0.0
2020-06-27,0.006950957135764329,0.05548847601495291,0.03135048231511254,0.31885752759616576,0.0,0.0,0.0,0.0
2020-06-28,0.005654548463617808,0.05558241282892777,0.03376205787781351,0.31922961073016887,0.0,0.0,0.0,0.0
2020-06-29,0.009198984939592873,0.055735231987272246,0.027331189710610933,0.3195308208862666,0.0,0.0,0.0,0.0
2020-06-30,0.007902576267446351,0.05586651441265664,0.03456591639871383,0.31991176314250785,0.0,0.0,0.0,0.0
2020-07-01,0.008481822695426711,0.05600741963361893,0.017684887459807074,0.3201066638317476,0.0,0.0,0.0,0.0
2020-07-02,0.0077922436144977104,0.0561368691455599,0.03215434083601286,0.3204610287212743,0.0,0.0,0.0,0.0
2020-07-03,0.00747503723727037,0.05626104903135107,0.02090032154340836,0.3206913658994667,0.0,0.0,0.0,0.0
2020-07-04,0.005323550504771887,0.056349487104995696,0.02491961414790997,0.3209659986888499,0.0,0.0,0.0,0.0
2020-07-05,0.00746124565565179,0.056473437876606435,0.01929260450160772,0.32117861762256594,0.0,0.0,0.0,0.0
2020-07-06,0.009047277541788492,0.05662373677896622,0.02652733118971061,0.32147096865642555,0.0,0.0,0.0,0.0
2020-07-07,0.007709494124786231,0.05675181160582463,0.02090032154340836,0.3217013058346179,0.0,0.0,0.0,0.0
2020-07-08,0.009267942847685772,0.05690577633507124,0.018488745980707395,0.3219050656460958,0.0,0.0,0.0,0.0
2020-07-09,0.009419650245490152,0.05706226132030254,0.028135048231511254,0.3222151349244317,0.0,0.0,0.0,0.0
2020-07-10,0.00717162244166161,0.05718140069412432,0.016881028938906754,0.32240117649143324,0.0,0.0,0.0,0.0
2020-07-11,0.0057786726981850275,0.05727739953572303,0.01607717041800643,0.3225783589361966,0.0,0.0,0.0,0.0
2020-07-12,0.004868428311358746,0.05735827684141358,0.00964630225080386,0.32268466840305465,0.0,0.0,0.0,0.0
2020-07-13,0.009529982898438793,0.057516594740088293,0.017684887459807074,0.3228795690922943,0.0,0.0,0.0,0.0
2020-07-14,0.008964528052077012,0.05766551895736552,0.01607717041800643,0.3230567515370577,0.0,0.0,0.0,0.0
2020-07-15,0.009985105091851933,0.0578313976239943,0.01607717041800643,0.3232339339818211,0.0,0.0,0.0,0.0
2020-07-16,0.008854195399128371,0.057978488927828115,0.00964630225080386,0.3233402434486791,0.0,0.0,0.0,0.0
2020-07-17,0.00755778672698185,0.05810404349870184,0.014469453376205787,0.32349970764896613,0.0,0.0,0.0,0.0
2020-07-18,0.006440668615876869,0.058211039820961014,0.011254019292604502,0.3236237353603005,0.0,0.0,0.0,0.0
2020-07-19,0.005695923208473548,0.05830566397747716,0.011254019292604502,0.3237477630716349,0.0,0.0,0.0,0.0
2020-07-20,0.010385060958790755,0.05847818695533832,0.00964630225080386,0.3238540725384929,0.0,0.0,0.0,0.0
2020-07-21,0.009502399735201632,0.05863604662565217,0.01527331189710611,0.3240223958610181,0.0,0.0,0.0,0.0
2020-07-22,0.010288519887460695,0.05880696580425034,0.012861736334405145,0.3241641418168288,0.0,0.0,0.0,0.0
2020-07-23,0.010067854581563413,0.05897421915596169,0.012861736334405145,0.32430588777263947,0.0,0.0,0.0,0.0
2020-07-24,0.009902355602140454,0.05913872313750792,0.00482315112540193,0.3243590425060685,0.0,0.0,0.0,0.0
2020-07-25,0.0067992497379599495,0.05925167642845818,0.01045016077170418,0.32447421109516467,0.0,0.0,0.0,0.0
2020-07-26,0.00710266453356871,0.059369670231377826,0.011254019292604502,0.3245982388064991,0.0,0.0,0.0,0.0
2020-07-27,0.011129806366194076,0.059554565374982014,0.008038585209003215,0.3246868300288807,0.0,0.0,0.0,0.0
2020-07-28,0.010743642080873835,0.059733045321534256,0.008038585209003215,0.3247754212512624,0.0,0.0,0.0,0.0
2020-07-29,0.013405417333259778,0.05995574430490882,0.006430868167202572,0.3248462942291678,0.0,0.0,0.0,0.0
2020-07-30,0.011833177028741657,0.060152324271714755,0.006430868167202572,0.32491716720707314,0.0,0.0,0.0,0.0
2020-07-31,0.008633530093231092,0.060295749748661746,0.008038585209003215,0.3250057584294548,0.0,0.0,0.0,0.0
2020-08-01,0.006813041319578529,0.060408932153792436,0.007234726688102894,0.32508549052959834,0.0,0.0,0.0,0.0
2020-08-02,0.007061289788712969,0.0605262386141708,0.006430868167202572,0.32515636350750365,0.0,0.0,0.0,0.0
2020-08-03,0.012936503558228058,0.06074114771541086,0.011254019292604502,0.32528039121883806,0.0,0.0,0.0,0.0
2020-08-04,0.012688255089093617,0.06095193276140324,0.008038585209003215,0.3253689824412197,0.0,0.0,0.0,0.0
2020-08-05,0.012991669884702378,0.061167758319365,0.002411575562700965,0.3253955598079342,0.0,0.0,0.0,0.0
2020-08-06,0.013515749986208418,0.061392290216182976,0.007234726688102894,0.3254752919080777,0.0,0.0,0.0,0.0
2020-08-07,0.011943509681690296,0.061590703096432324,0.005627009646302251,0.32553730576374496,0.0,0.0,0.0,0.0
2020-08-08,0.008757654327798311,0.06173619060100315,0.008842443729903537,0.3256347561083648,0.0,0.0,0.0,0.0
2020-08-09,0.00765432779831191,0.06186334897113986,0.006430868167202572,0.32570562908627015,0.0,0.0,0.0,0.0
2020-08-10,0.018618635185083027,0.062172653114715634,0.008842443729903537,0.32580307943089,0.0,0.0,0.0,0.0
2020-08-11,0.016701605340100404,0.06245011038721213,0.008038585209003215,0.3258916706532717,0.0,0.0,0.0,0.0
2020-08-12,0.0151155734539637,0.06270121952895957,0.00482315112540193,0.32594482538670067,0.0,0.0,0.0,0.0
2020-08-13,0.01406741325095162,0.06293491599299461,0.005627009646302251,0.32600683924236784,0.0,0.0,0.0,0.0
2020-08-14,0.014315661720086059,0.06317273651227731,0.00482315112540193,0.3260599939757969,0.0,0.0,0.0,0.0
2020-08-15,0.008867986980746952,0.06332005693029155,0.008842443729903537,0.3261574443204167,0.0,0.0,0.0,0.0
2020-08-16,0.00730953825784741,0.0634414874459176,0.003215434083601286,0.3261928808093694,0.0,0.0,0.0,0.0
2020-08-17,0.0156672367187069,0.0637017611548821,0.00964630225080386,0.32629919027622745,0.0,0.0,0.0,0.0
2020-08-18,0.012743421415567937,0.06391346265759619,0.005627009646302251,0.3263612041318946,0.0,0.0,0.0,0.0
2020-08-19,0.01479836707673636,0.06415930217319382,0.001607717041800643,0.32637892237637095,0.0,0.0,0.0,0.0
2020-08-20,0.016798146411430463,0.0644383632449533,0.006430868167202572,0.3264497953542763,0.0,0.0,0.0,0.0
2020-08-21,0.0138743311082915,0.06466885211046236,0.005627009646302251,0.3265118092099435,0.0,0.0,0.0,0.0
2020-08-22,0.009860980857284714,0.0648326687494673,0.00482315112540193,0.3265649639433725,0.0,0.0,0.0,0.0
2020-08-23,0.009598940806531692,0.06499213221904415,0.01045016077170418,0.3266801325324687,0.0,0.0,0.0,0.0
2020-08-24,0.015612070392232582,0.06525148947128695,0.0040192926045016075,0.32672442814365954,0.0,0.0,0.0,0.0
2020-08-25,0.0146328680973134,0.06549457961671946,0.008842443729903537,0.32682187848827937,0.0,0.0,0.0,0.0
2020-08-26,0.0156672367187069,0.06575485332568397,0.008842443729903537,0.32691932883289926,0.0,0.0,0.0,0.0
2020-08-27,0.018273845644618526,0.06605842961474909,0.006430868167202572,0.32699020181080457,0.0,0.0,0.0,0.0
2020-08-28,0.019073757378496165,0.06637529452627894,0.006430868167202572,0.32706107478870994,0.0,0.0,0.0,0.0
2020-08-29,0.014357036464941799,0.06661380238810292,0.0040192926045016075,0.3271053703999008,0.0,0.0,0.0,0.0
2020-08-30,0.013460583659734099,0.06683741782819919,0.00482315112540193,0.32715852513332977,0.0,0.0,0.0,0.0
2020-08-31,0.017391184421029403,0.06712633080971701,0.005627009646302251,0.32722053898899695,0.0,0.0,0.0,0.0
2020-09-01,0.026590169360622275,0.0675680629495793,0.001607717041800643,0.32723825723347333,0.0,0.0,0.0,0.0
2020-09-02,0.03606498593258675,0.0681671965313946,0.006430868167202572,0.32730913021137864,0.0,0.0,0.0,0.0
2020-09-03,0.03675456501351575,0.06877778582223122,0.00482315112540193,0.3273622849448077,0.0,0.0,0.0,0.0
2020-09-04,0.035733987973740826,0.0693714206637163,0.00482315112540193,0.32741543967823666,0.0,0.0,0.0,0.0
2020-09-05,0.03018977216307166,0.0698729516046699,0.00964630225080386,0.3275217491450947,0.0,0.0,0.0,0.0
2020-09-06,0.028355491807800517,0.07034401035962679,0.006430868167202572,0.32759262212300005,0.0,0.0,0.0,0.0
2020-09-07,0.047746455563524026,0.07113720365226332,0.01045016077170418,0.32770779071209627,0.0,0.0,0.0,0.0
2020-09-08,0.04137474485574005,0.07182454619354282,0.007234726688102894,0.3277875228122398,0.0,0.0,0.0,0.0
2020-09-09,0.03931979919457163,0.07247775072193878,0.007234726688102894,0.3278672549123833,0.0,0.0,0.0,0.0
2020-09-10,0.04274011143597948,0.0731877755670805,0.00964630225080386,0.3279735643792413,0.0,0.0,0.0,0.0
2020-09-11,0.03940254868428311,0.07384235478055902,0.008038585209003215,0.328062155601623,0.0,0.0,0.0,0.0
2020-09-12,0.03042422905058752,0.07434778066257988,0.014469453376205787,0.32822161980191,0.0,0.0,0.0,0.0
2020-09-13,0.023556021404534673,0.07473910768274834,0.011254019292604502,0.3283456475132444,0.0,0.0,0.0,0.0
2020-09-14,0.03995421194902631,0.07540285146344392,0.013665594855305467,0.3284962525912933,0.0,0.0,0.0,0.0
2020-09-15,0.041926408120483254,0.07609935857194047,0.012057877813504822,0.32862913942486577,0.0,0.0,0.0,0.0
2020-09-16,0.05160809841672643,0.07695670383509644,0.017684887459807074,0.3288240401141055,0.0,0.0,0.0,0.0
2020-09-17,0.054325039995586695,0.07785918459179643,0.01929260450160772,0.32903665904782153,0.0,0.0,0.0,0.0
2020-09-18,0.058945219837811,0.0788384185989393,0.016881028938906754,0.32922270061482306,0.0,0.0,0.0,0.0
2020-09-19,0.0576350195840459,0.07979588675894164,0.014469453376205787,0.3293821648151101,0.0,0.0,0.0,0.0
2020-09-20,0.06378606498593259,0.0808555398434142,0.022508038585209004,0.3296302202377788,0.00031938677738741617,0.0,0.0,0.0
2020-09-21,0.0648066420257075,0.08193214737723833,0.01929260450160772,0.3298428391714949,0.00031938677738741617,0.0,0.0,0.0
2020-09-22,0.07386771114911458,0.08315928292760266,0.027331189710610933,0.3301440493275926,0.0,0.0,0.0,0.0
2020-09-23,0.08119104098858057,0.08450807810777347,0.04180064308681672,0.33060472368397736,0.00031938677738741617,0.0,0.0,0.0
2020-09-24,0.08672146521763116,0.08594874807429531,0.02652733118971061,0.33089707471783697,0.0,0.0,0.0,0.0
2020-09-25,0.08325977823136757,0.0873319103815301,0.023311897106109324,0.33115398926274386,0.0,0.0,0.0,0.0
2020-09-26,0.07788106140012137,0.08862571815839855,0.028135048231511254,0.33146405854107974,0.0,0.0,0.0,0.0
2020-09-27,0.08308048767032604,0.09000590198128779,0.03376205787781351,0.33183614167508285,0.0,0.0,0.0,0.0
2020-09-28,0.11831797870579798,0.09197147253516673,0.03778135048231511,0.33225252042027675,0.0,0.0,0.0,0.0
2020-09-29,0.12022121696916202,0.09396866084594455,0.03456591639871383,0.332633462676518,0.0,0.0,0.0,0.0
2020-09-30,0.14507364704584322,0.09637871290985091,0.03858520900321544,0.3330587005439501,0.0006387735547748323,0.0,0.0,0.0
2020-10-01,0.1559138301980471,0.0989688487195725,0.04421221864951769,0.33354595226704936,0.00031938677738741617,0.0,0.0,0.0
2020-10-02,0.1596375572350637,0.10162084535800923,0.05144694533762058,0.3341129360902922,0.0,0.0,0.0,0.0
2020-10-03,0.13377834170022618,0.10384325290814629,0.04421221864951769,0.33460018781339146,0.0,0.0,0.0,0.0
2020-10-04,0.13561262205549732,0.10609613264428007,0.04340836012861737,0.33507858041425254,0.0,0.0,0.0,0.0
2020-10-05,0.1935372648535334,0.10931129193820516,0.04742765273311897,0.3356012686263045,0.0,0.0,0.0,0.0
2020-10-06,0.19717824240083853,0.11258693737576284,0.04983922829581994,0.33615053420507096,0.0,0.0,0.0,0.0
2020-10-07,0.20949412478623047,0.11606718177644137,0.06511254019292605,0.3368681231063626,0.0,0.0,0.0,0.0
2020-10-08,0.21054228498924257,0.11956483885483234,0.06109324758842444,0.33754141639646346,0.00031938677738741617,0.0,0.0,0.0
2020-10-09,0.17941468527610746,0.12254538522800068,0.053858520900321546,0.33813497758642075,0.0,0.0,0.0,0.0
2020-10-10,0.14002592817344292,0.12487158150187094,0.07234726688102894,0.3389322985878559,0.0,0.0,0.0,0.0
2020-10-11,0.13310255420091577,0.1270827624571671,0.08279742765273312,0.33984478817838726,0.0009581603321622484,0.0,0.0,0.0
2020-10-12,0.2232994979864291,0.13079235015245258,0.07717041800643087,0.3406952639132515,0.0,0.0,0.0,0.0
2020-10-13,0.212859270701164,0.1343284984131552,0.06993569131832797,0.34146600754797213,0.0,0.0,0.0,0.0
2020-10-14,0.22683014288078557,0.13809673933862984,0.08118971061093247,0.34236077889402716,0.0,0.0,0.0,0.0
2020-10-15,0.21021128703039665,0.14158889767669056,0.09967845659163987,0.3434593100515601,0.0009581603321622484,0.0,0.0,0.0
2020-10-16,0.20062613780548352,0.14492182165935488,0.09807073954983923,0.34454012296461667,0.0,0.0,0.0,0.0
2020-10-17,0.17032603298946322,0.14775138178762215,0.12942122186495178,0.3459664416449618,0.00031938677738741617,0.0,0.0,0.0
2020-10-18,0.16349920008826613,0.15046753039657831,0.09646302250803858,0.34702953631354205,0.0,0.0,0.0,0.0
2020-10-19,0.30489049484194847,0.15553255758326698,0.12781350482315113,0.3484381367494109,0.00031938677738741617,0.0,0.0,0.0
2020-10-20,0.29428476857726044,0.16042139596520763,0.13745980707395497,0.3499530466521377,0.0006387735547748323,0.0,0.0,0.0
2020-10-21,0.2963259226568103,0.16534414324585142,0.1535369774919614,0.3516451389996279,0.0047908016608112424,0.0,0.0,0.0
2020-10-22,0.2705218734484471,0.16983821789491724,0.15032154340836013,0.35330179485816543,0.00415202810603641,0.0,0.0,0.0
2020-10-23,0.2496552104595355,0.17398564278899775,0.15112540192926044,0.35496730983894115,0.0019163206643244969,0.0,0.0,0.0
2020-10-24,0.1864346003199647,0.1770828082800032,0.13745980707395497,0.356482219741668,0.0015969338869370809,0.0,0.0,0.0
2020-10-25,0.18155238042698738,0.18009886735113764,0.16559485530546625,0.3583071989227307,0.00031938677738741617,0.0,0.0,0.0
2020-10-26,0.3138274397307883,0.18531236052674266,0.17765273311897106,0.360265064937366,0.0006387735547748323,0.0,0.0,0.0
2020-10-27,0.2825205494566117,0.19000576451277953,0.17443729903536978,0.3621874944630486,0.00031938677738741617,0.0,0.0,0.0
2020-10-28,0.27901748772549234,0.19464097349698806,0.19131832797427653,0.36429596555573274,0.0,0.0,0.0,0.0
2020-10-29,0.2755282175759916,0.19921821659354869,0.20016077170418006,0.3665018869930367,0.005748961992973491,0.0,0.0,0.0
2020-10-30,0.2709080377337673,0.20371870643966644,0.22588424437299034,0.3689913003419621,0.0028744809964867456,0.0,0.0,0.0
2020-10-31,0.19786782148176754,0.20700580758624545,0.22186495176848875,0.3714364180796967,0.0015969338869370809,0.0,0.0,0.0
2020-11-01,0.1843520714955591,0.2100683768360065,0.22990353697749197,0.3739701270398129,0.012456084318109231,0.0,0.0,0.0
2020-11-02,0.3851161251172284,0.2164661612102361,0.22909967845659163,0.37649497687769096,0.019801980198019802,0.0,0.0,0.0
2020-11-03,0.3076901859105202,0.22157769857555132,0.23392282958199356,0.37907298144899804,0.0025550942190993293,0.0,0.0,0.0
2020-11-04,0.2854305731781321,0.22631944565365816,0.22347266881028938,0.3815358174312089,0.0025550942190993293,0.0,0.0,0.0
2020-11-05,0.28791305786947646,0.2311024332842418,0.24196141479099678,0.3842024132248977,0.03257745129351645,0.0,0.0,0.0
2020-11-06,0.2871821040436917,0.23587327786326281,0.26768488745980706,0.3871525009302078,0.01341424465027148,0.0,0.0,0.0
2020-11-07,0.229147128592707,0.23968000997104913,0.26768488745980706,0.390102588635518,0.0006387735547748323,0.0,0.0,0.0
2020-11-08,0.24773818061455288,0.24379558799405035,0.2741157556270096,0.3931235493187335,0.031938677738741615,0.0,0.0,0.0
2020-11-09,0.38744690241076846,0.25023209266477203,0.32234726688102894,0.3966760573362391,0.013733631427658896,0.0,0.0,0.0
2020-11-10,0.3373972527169416,0.25583714197472596,0.25643086816720256,0.3995021173302149,0.005748961992973491,0.0,0.0,0.0
2020-11-11,0.3399073205715231,0.2614838900655175,0.2508038585209003,0.40226616346852356,0.013094857872884063,0.0,0.0,0.0
2020-11-12,0.3026148838748828,0.2665111134124358,0.2821543408360129,0.40537571537412076,0.048866176940274675,0.0,0.0,0.0
2020-11-13,0.29857395046063884,0.27147120630448907,0.2869774919614148,0.40853842201314694,0.05908655381667199,0.0,0.0,0.0
2020-11-14,0.22118938599878635,0.2751457395301693,0.2877813504823151,0.4117099877744113,0.041200894282976686,0.0,0.0,0.0
2020-11-15,0.19603354112649637,0.27840236849075156,0.3070739549839228,0.41509417246939173,0.028744809964867453,0.0,0.0,0.0
2020-11-16,0.32720527390081094,0.2838381024213703,0.2877813504823151,0.4182657382306561,0.0047908016608112424,0.0,0.0,0.0
2020-11-17,0.2803001048160203,0.2884946190243585,0.29260450160771706,0.4214904587253495,0.032896838070903864,0.0,0.0,0.0
2020-11-18,0.2512274507640536,0.29266816293500764,0.3496784565916399,0.4253441768989529,0.0316192909613542,0.0,0.0,0.0
2020-11-19,0.21382468141446462,0.2962203491883401,0.31913183279742763,0.4288612484275058,0.021079527307569467,0.0,0.0,0.0
2020-11-20,0.20239146025266178,0.299582599786099,0.3135048231511254,0.43231630610039157,0.011817310763334398,0.0,0.0,0.0
2020-11-21,0.14638384729960832,0.3020144176971459,0.31913183279742763,0.43583337762894453,0.03928457361865219,0.0,0.0,0.0
2020-11-22,0.13841231312406907,0.30431380761190624,0.32636655948553056,0.439430181257641,0.08463749600766528,0.0,0.0,0.0
2020-11-23,0.22353395487394495,0.308027290248259,0.3215434083601286,0.4429738301529085,0.012456084318109231,0.0,0.0,0.0
2020-11-24,0.19349589010867765,0.3112417621996428,0.32636655948553056,0.44657063378160494,0.011817310763334398,0.0,0.0,0.0
2020-11-25,0.1921581066916754,0.3144340100755252,0.34163987138263663,0.4503357607328266,0.0063877355477483235,0.0,0.0,0.0
2020-11-26,0.1693192475313069,0.31724684486862137,0.2990353697749196,0.45363135420542533,0.03385499840306611,0.0,0.0,0.0
2020-11-27,0.1691813317151211,0.3200573885199132,0.29260450160771706,0.4568560747001187,0.029383583519642285,0.0,0.0,0.0
2020-11-28,0.12696530038064766,0.3221666136649196,0.30787781350482313,0.4602491185173373,0.024912168636218462,0.0,0.0,0.0
2020-11-29,0.12282782589507364,0.324207104555798,0.32315112540192925,0.4638104856570811,0.01820504631108272,0.0,0.0,0.0
2020-11-30,0.20732884647211342,0.3276513780301496,0.2909967845659164,0.46701748790729813,0.012136697540721815,0.0,0.0,0.0
2020-12-01,0.18640701715672753,0.3307480852927942,0.27813504823151125,0.4700827442017045,0.0316192909613542,0.0,0.0,0.0
2020-12-02,0.18568985491256138,0.3338328786180566,0.27009646302250806,0.47305940927372914,0.023634621526668797,0.0,0.0,0.0
2020-12-03,0.17278093451757048,0.33670322107043976,0.32556270096463025,0.47664735378018747,0.018524433088470137,0.0,0.0,0.0
2020-12-04,0.1776631544105478,0.33965466994269394,0.33038585209003213,0.4802884530200748,0.053018205046311086,0.0,0.0,0.0
2020-12-05,0.13990180393887572,0.3419788041889404,0.2765273311897106,0.4833359910700048,0.03481315873522836,0.0,0.0,0.0
2020-12-06,0.14992828377558337,0.34446950444435687,0.2853697749196141,0.48648097946455465,0.02331523474928138,0.0,0.0,0.0
2020-12-07,0.23989077067358083,0.3484547164986954,0.2845659163987138,0.48961710873686637,0.09773235388054935,0.0,0.0,0.0
2020-12-08,0.22996083190820324,0.3522749663431269,0.30144694533762056,0.4929392795761796,0.07697221335036729,0.0,0.0001401194667996399,0.0
2020-12-09,0.24080101506040713,0.3562752999333736,0.30064308681672025,0.49625259129325466,0.06259980836793357,0.0,0.0003936790610460604,0.0
2020-12-10,0.2557372979533293,0.3605237641810222,0.3046623794212219,0.49961019862152056,0.3136378153944427,0.0,0.0007062084648938405,0.0
2020-12-11,0.2739421856898549,0.3650746591468338,0.31913183279742763,0.5031272701500735,0.12903225806451613,0.0,0.001036365289385474,0.0
2020-12-12,0.22105147018260055,0.36874690123070974,0.30064308681672025,0.5064405818671486,0.09070584477802619,0.0,0.0013162336766048529,0.0
2020-12-13,0.25005516632647434,0.3729009704360226,0.2934083601286174,0.5096741614840802,0.18300862344298946,0.0,0.001478638861395671,0.0
2020-12-14,0.4070723230540078,0.3796635045854912,0.3311897106109325,0.5133241198462056,0.2111146598530821,0.0,0.0018011465499022088,0.0
2020-12-15,0.40127985877420425,0.38632981077918066,0.31189710610932475,0.516761459274615,0.23890130948578728,0.0,0.0033831149160930807,0.0
2020-12-16,0.41555414574943456,0.3932332501496116,0.2853697749196141,0.5199064476691649,0.25167678058128395,0.0,0.00595748589045405,0.0
2020-12-17,0.40807910851216417,0.4000125096342513,0.3528938906752412,0.523795602331721,0.31523474928137973,0.0,0.008517961375568739,0.0
2020-12-18,0.43901362608263916,0.40730567222558767,0.34807073954983925,0.527631602260848,0.32864899393165126,0.0,0.01056933260229826,0.0
2020-12-19,0.2997462348982181,0.4122852398229772,0.3311897106109325,0.5312815606229735,0.17470456723091665,0.0,0.012964306193590104,0.0
2020-12-20,0.39910078887846856,0.4189153459761593,0.34565916398713825,0.535090983185386,0.15713829447460875,0.0,0.015065754116803365,0.0
2020-12-21,0.5874248358801787,0.42867400626306523,0.3987138263665595,0.5394851078155176,0.21047588629830724,0.0,0.01676306827753765,0.0
2020-12-22,0.5641308545263971,0.4380456926992308,0.39308681672025725,0.5438172185899821,0.14723730437559884,0.0,0.01906437303751028,0.0
2020-12-23,0.518784134164506,0.44666405171015405,0.3866559485530547,0.5480784563865412,0.14564037048866177,0.0,0.021198931926527536,0.0
2020-12-24,0.39580460087162794,0.4532393995742142,0.39067524115755625,0.5523839897942912,0.15170871925902268,0.0,0.02192679088704701,0.0
2020-12-25,0.1748220885971203,0.4561436509253005,0.4316720257234727,0.5571413384361877,0.09070584477802619,0.0,0.021933593059878045,0.0
2020-12-26,0.5062613780548353,0.4645539742603965,0.4557877813504823,0.5621644607452294,0.2823379112104759,0.0,0.02197991135736565,0.0
2020-12-27,0.5852595575660616,0.4742766636209755,0.4622186495176849,0.5672584560321763,0.19801980198019803,0.0,0.02210968199312663,0.0
2020-12-28,0.5522011364263254,0.4834501662910722,0.4742765273311897,0.5724853381526959,0.1782178217821782,0.0,0.022348710875761225,0.0
2020-12-29,1.0,0.5000627772854369,0.4646302250803859,0.5776059108063573,0.4231874800383264,0.0,0.023582259774451067,8.051846123113752e-05
2020-12-30,0.8673939427373532,0.5144724554350008,0.502411575562701,0.5831428622052127,0.264771638454168,0.0,0.026482023405562088,0.00023117729180303356
2020-12-31,0.6438461962817896,0.5251684218340316,0.5241157556270096,0.5889190099044986,0.30150111785372086,0.0,0.02885891962703448,0.0004006508263802765
2021-01-01,0.3892122248579467,0.5316342531198478,0.5168810289389068,0.5946154255036411,0.2034493771957841,0.0,0.02951309279315082,0.00043944512225621693
2021-01-02,0.7469934352071496,0.5440437644742884,0.5377813504823151,0.6005421782809759,0.5397636537847333,0.0,0.030306909009292643,0.0006053533939731596
2021-01-03,0.6828763722623711,0.5553881240039261,0.5241157556270096,0.6063183259802619,0.41807729160012774,0.0,0.03073999832460101,0.0007397743936961635
2021-01-04,0.9531499972416837,0.5712224341273819,0.6045016077170418,0.6129803859033647,0.4573618652187799,0.0,0.03147405070318454,0.0010677079775792268
2021-01-05,0.8003668560710542,0.584518617360073,0.6591639871382636,0.620244866138663,0.39220696263174704,0.0,0.03301920263977241,0.002730497156138075
2021-01-06,0.7076598444309593,0.5962746950719373,0.662379421221865,0.6275447828629139,0.25902267646119453,0.0,0.03538426784468655,0.005584401826727731
2021-01-07,0.6461769735753297,0.6070093817674601,0.7138263665594855,0.6354116834104077,0.3813478122005749,0.0,0.040748244304933734,0.008378297122441045
2021-01-08,0.5838114414961108,0.6167080141390943,0.7122186495176849,0.6432608657134251,0.49313318428617053,0.0,0.047347569460573134,0.01048031962546243
2021-01-09,0.48873227781762013,0.6248271333508683,0.7451768488745981,0.6514732720282075,0.5889492175023954,0.0,0.05298479740839862,0.012722975863488133
2021-01-10,0.4531362056600651,0.6323549088629613,0.7885852090032154,0.6601640709438509,0.4072181411689556,0.0,0.05586873341556816,0.014303340400672711
2021-01-11,0.7171070778396866,0.6442679297884176,0.8070739549839229,0.6690586296709722,0.5959757266049186,0.0,0.05884138881312539,0.01486601653921911
2021-01-12,0.6161113256468251,0.6545031475706107,0.8770096463022508,0.6787239320328142,0.7294793995528586,0.0,0.06347779745643731,0.01523750986933594
2021-01-13,0.5675787499310421,0.6639321125518829,0.885048231511254,0.6884778256170379,0.46343021398914086,0.0,0.0701575311765152,0.015462545025122218
2021-01-14,0.5312241407844651,0.6727571325535509,0.8745980707395499,0.6981165506121654,0.5752155860747366,0.0,0.07776344557315519,0.015593859657204565
2021-01-15,0.5074198709107961,0.6811867014798026,0.885048231511254,0.707870444196389,0.6528265729798787,0.0,0.0865841433411029,0.015673283829835016
2021-01-16,0.38137860649859323,0.6875223959111367,0.9405144694533762,0.7182356172150464,0.4768444586394123,0.0,0.0942485511305701,0.015717161272759305
2021-01-17,0.361422187896508,0.6935265621233936,0.9381028938906752,0.7285742128669891,0.48067709996806135,0.0,0.09819584937766074,0.015743847794763136
2021-01-18,0.5616345782534341,0.702856778892902,0.9389067524115756,0.7389216676411701,0.6384541679974449,0.0,0.10217414118267024,0.015776394055725482
2021-01-19,0.49609698240194183,0.7110982450770236,1.0,0.749942415705452,0.5835196422868093,0.0,0.11000275395363061,0.01581991850232697
2021-01-20,0.4379240911347713,0.7183733076481063,0.9429260450160771,0.7603341660908237,0.5263494091344618,0.0,0.11841203936949415,0.01587629201507845
2021-01-21,0.39663209576874275,0.724962402362992,0.9107717041800643,0.7703715515866688,0.5052698818268924,0.0,0.12788680443316394,0.015928253073794904
2021-01-22,0.371076295029514,0.7311269485015475,0.9027331189710611,0.7803203458601322,0.6684765250718621,0.0,0.14033306032005413,0.015950385943234592
2021-01-23,0.2741076846692779,0.7356805928375242,0.8504823151125402,0.7896932971881147,0.510380070265091,0.0,0.15252191881090607,0.01596965954245958
2021-01-24,0.21314889391515418,0.7392215524960157,0.8360128617363344,0.79890678431581,0.4065793676141808,0.0,0.157528741496126,0.015986356268528117
2021-01-25,0.3738208197716114,0.745431692356476,0.860128617363344,0.8083860451106505,0.9773235388054935,0.0,0.16253823740880094,0.01600291179606753
2021-01-26,0.33701108843162136,0.751030326469378,0.7717041800643086,0.8168908024592924,0.8543596295113383,0.0,0.1685279343667078,0.01601685515081821
2021-01-27,0.3204749820709439,0.7563542526799486,0.8086816720257235,0.82580307943089,0.8361545832002555,0.0,0.1747353802580035,0.016035634555191275
2021-01-28,0.3012908920394991,0.7613594810655459,0.8167202572347267,0.8348039476248693,0.7869690194825935,0.0,0.18360956904264975,0.01607344046136337
2021-01-29,0.27144590941689195,0.7658689063647003,0.7580385852090032,0.8431580998954623,1.0,0.0,0.1961699532145494,0.01615095845385069
2021-01-30,0.2068737242787003,0.7693056190710978,0.6680064308681672,0.8505200304753805,0.7502395400830406,0.0,0.20836087617808935,0.016230382626481143
2021-01-31,0.1890550008274949,0.7724463162563843,0.6511254019292605,0.8576959194882972,0.442031299904184,0.0,0.2157251149322383,0.016313301462707333
2021-02-01,0.27737628951288135,0.777054260653122,0.6463022508038585,0.8648186537677847,0.5059086553816672,0.0,0.22264443335452064,0.01635809669607091
2021-02-02,0.24350416505764882,0.7810995006227324,0.610128617363344,0.8715427275465547,0.45959757266049184,0.0,0.23046865250411935,0.016400244457013467
2021-02-03,0.2401390191427153,0.7850888367323186,0.6245980707395499,0.8784262655256118,0.4410731395720217,0.0,0.24005317869903547,0.016479527431114797
2021-02-04,0.2227340431400673,0.7887890307462065,0.520096463022508,0.8841581176137069,0.5534972852123922,0.0,0.2503569883525362,0.016573106756289608
2021-02-05,0.19266839521156287,0.7919897558467648,0.542604501607717,0.8901380251244707,0.4682210156499521,0.0,0.26091893649483505,0.016632233640358946
2021-02-06,0.14595630826943234,0.7944144712182184,0.4895498392282958,0.8955332305675153,0.42606196103481314,0.0,0.27339626534243977,0.016651613138480775
2021-02-07,0.14003971975506152,0.7967408966062691,0.454983922829582,0.9005474937543189,0.44746087511977006,0.0,0.2793116148159794,0.016663544414191482
2021-02-08,0.19090307276438462,0.7999122950917328,0.49115755627009644,0.9059604174418399,0.6256786969019482,0.0,0.2855313152054104,0.016695843577727867
2021-02-09,0.16880895901141943,0.8027166526601531,0.4316720257234727,0.9107177660837364,0.5570105397636538,0.0,0.2935841085362108,0.01677900951138002
2021-02-10,0.16327853478236884,0.8054291354422225,0.43569131832797425,0.9155194103368238,0.6202491216863621,0.0,0.3023860937119735,0.01693062143202348
2021-02-11,0.15478292050532355,0.808000483889149,0.407556270096463,0.9200109853115753,0.5752155860747366,0.0,0.3126834717390231,0.017082868746047985
2021-02-12,0.14568047663706074,0.8104206169769942,0.362540192926045,0.9240064494409894,0.6327052060044714,0.0,0.3240296548267835,0.017226714747589803
2021-02-13,0.10681579963590225,0.8121951063043974,0.34646302250803857,0.9278247311256401,0.47971893963589907,0.0,0.3355582261362507,0.01730670371433674
2021-02-14,0.10389198433276328,0.8139210234255503,0.3496784565916399,0.9316784492992435,0.5729798786330246,0.00024857071836937607,0.34041264838893714,0.01733219004884304
2021-02-15,0.1719258564572185,0.8167771607987471,0.36977491961414793,0.935753645528801,0.8738422229319707,0.0,0.34572345144366856,0.01738662208181911
2021-02-16,0.1491559552049429,0.8192550306600597,0.317524115755627,0.9392529988128776,0.7093580325774513,0.0,0.35385675920930165,0.01750099289040696
2021-02-17,0.13823302256302752,0.8215514420904745,0.3086816720257235,0.9426549017523344,0.5397636537847333,0.0,0.36488453708633295,0.0176663716676397
2021-02-18,0.13663319909527225,0.8238212762759598,0.29260450160771706,0.9458796222470278,0.5509421909932929,0.0,0.3753096212764555,0.017836339397068867
2021-02-19,0.12246924477299057,0.8258558101981471,0.25482315112540194,0.9486879639965272,0.5723411050782498,0.0,0.3836967797799193,0.017989116205577575
2021-02-20,0.09502399735201633,0.8274344069012857,0.2427652733118971,0.9513634189124541,0.5688278505269881,0.0,0.3918650247756573,0.018087143284419693
2021-02-21,0.09375517184310697,0.828991925099825,0.22990353697749197,0.9538971278725704,0.6675183647396997,0.0,0.39479408803837907,0.018168332438664152
2021-02-22,0.13592982843272466,0.8312500744621086,0.1937299035369775,0.956032176331969,0.6387735547748323,0.0,0.39863657459515495,0.018356479478717623
2021-02-23,0.1123048491200971,0.8331157512333216,0.20418006430868169,0.9582823933804638,0.560204407537528,0.0,0.40608336578922605,0.018701709882417983
2021-02-24,0.10055442158106692,0.8347862227228112,0.19212218649517684,0.9603997235953862,0.5519003513254551,0.0,0.4166513750115961,0.01922732140707017
2021-02-25,0.09116235449881392,0.8363006674554304,0.17684887459807075,0.9623487304877832,0.8153944426700734,0.0,0.4282178479222075,0.019838428641105004
2021-02-26,0.07814310145087439,0.837598828401727,0.15594855305466238,0.964067400201988,0.5697860108591505,0.0,0.44006715359107745,0.020426132218938062
2021-02-27,0.05658685938103382,0.8385388838840169,0.15755627009646303,0.965803788160669,0.39252634940913445,0.0,0.45002084985076907,0.02096392211672692
2021-02-28,0.05450433055662823,0.8394443431250624,0.15836012861736334,0.9675490352415883,0.422868093260939,0.0,0.4541660463323253,0.021288855231866164
2021-03-01,0.08121862415181773,0.8407935965335941,0.15434083601286175,0.9692499867113167,0.6499520919833919,0.0,0.4580335977049416,0.02170327291483572
2021-03-02,0.07839134992000883,0.8420958815351384,0.12379421221864952,0.9706142915359947,0.6084318109230278,0.0,0.4625840925233137,0.02271393668665014
2021-03-03,0.07029569150990235,0.8432636765127722,0.10128617363344052,0.9717305409380038,0.613222612583839,0.0,0.46862818039627024,0.024328153571191433
2021-03-04,0.06606167595299829,0.8443611334370151,0.10369774919614148,0.9728733677067276,0.4525710635579687,0.0,0.47711837726094497,0.025956702106438488
2021-03-05,0.0628068626910134,0.8454045194146774,0.12540192926045016,0.974255390775882,0.5560523794314916,0.0,0.48735432399172673,0.027281815002604938
2021-03-06,0.05105643515198323,0.8462527001106164,0.10369774919614148,0.9753982175446057,0.3538805493452571,0.0,0.4976691706338289,0.02805353556351468
2021-03-07,0.04883599051139185,0.8470639934235066,0.09083601286173633,0.9763992983575187,0.25806451612903225,0.0,0.5013857243566355,0.028346381312911225
2021-03-08,0.07672256854416064,0.8483385556092192,0.09646302250803858,0.9774623930260989,0.527307569466624,0.0,0.50581486523559,0.02915160122485488
2021-03-09,0.07188172339603906,0.8495326987176021,0.09083601286173633,0.978463473839012,0.5697860108591505,0.0,0.5104909223415514,0.030859679831629225
2021-03-10,0.06905444916423015,0.8506798734189976,0.07797427652733119,0.9793228086961144,0.7920792079207921,0.0,0.5158690854346291,0.03337760260217593
2021-03-11,0.06462735146466597,0.8517535024684761,0.0860128617363344,0.9802707347755985,0.7604599169594379,0.0,0.5194781542396659,0.035289042390516515
2021-03-12,0.06360677442489104,0.8528101770686032,0.06511254019292605,0.98098832367689,0.6180134142446503,0.0,0.5277388240895907,0.037709538175969864
2021-03-13,0.04756716500248249,0.8536003918768942,0.07797427652733119,0.9818476585339925,0.5413605876716704,0.0,0.5402115475750452,0.03908922430364151
2021-03-14,0.049415236939372206,0.8544213079853623,0.0635048231511254,0.9825475291908078,0.5138933248163526,0.0,0.5461634488022022,0.03955870941296817
2021-03-15,0.07497103767860099,0.8556667726701608,0.06672025723472669,0.9832828363365758,0.8907697221335037,0.0,0.5546333450187781,0.04064170213132473
2021-03-16,0.06538588845368787,0.8567530029995628,0.05305466237942122,0.9838675384042949,0.7141488342382626,0.0,0.5644990894484404,0.04301588479922646
2021-03-17,0.06688917085011309,0.8578642067746314,0.0522508038585209,0.9844433813497758,0.4573618652187799,0.0,0.5748059693433746,0.046385270000003885
2021-03-18,0.062337948915981684,0.8588998028701592,0.04180064308681672,0.9849040557061607,0.4816352603002236,0.0004971414367387521,0.586929849879751,0.0502180334737235
2021-03-19,0.05705577315606554,0.8598476482345836,0.04501607717041801,0.9854001665514981,0.40242733950814435,0.0,0.6012620809699422,0.05381379521631385
2021-03-20,0.0464500468913775,0.8606193047942601,0.04742765273311897,0.98592285476355,0.5822420951772597,0.0,0.6196960752124455,0.056342307876544616
2021-03-21,0.06226899100788878,0.8616537553188857,0.05546623794212219,0.9865341341979836,0.5927818588310444,0.0,0.6274884009057742,0.057369986071118095
2021-03-22,0.07091631268273846,0.8628318604346388,0.04581993569131833,0.9870391041655593,0.9220696263174705,0.0,0.6345120546015971,0.05964614166017771
2021-03-23,0.05980029789816296,0.8638252995209681,0.03617363344051447,0.9874377646662769,0.6949856275950176,0.00024857071836937607,0.641433887445743,0.06460175113709823
2021-03-24,0.070406024162851,0.8649949274120453,0.027331189710610933,0.9877389748223746,0.6129032258064516,0.0,0.6485488278890145,0.07229904775358964
2021-03-25,0.06131737187620676,0.8660135690582216,0.0297427652733119,0.9880667623451869,0.6595336953050144,0.0004971414367387521,0.6560138023232993,0.08041898686737191
2021-03-26,0.049911733877641085,0.8668427332771851,0.03295819935691318,0.9884299863569518,0.5528585116576173,0.00024857071836937607,0.6644618892386582,0.08855516381200305
2021-03-27,0.040561041540243835,0.8675165580818194,0.023311897106109324,0.9886869009018586,0.5091025231555414,0.00024857071836937607,0.6753999154889578,0.09695817067704024
2021-03-28,0.05644894356484802,0.8684543224223051,0.021704180064308683,0.9889260972022892,0.46151389332481635,0.00024857071836937607,0.6809472859396574,0.10025240296069311
2021-03-29,0.0441744359243118,0.8691881751422111,0.02009646302250804,0.9891475752582434,0.6368572341105079,0.0,0.6855452900974524,0.10494916023410293
2021-03-30,0.040726540519666794,0.8698647493170106,0.03054662379421222,0.9894842219032938,0.4899393165122964,0.0009942828734775043,0.6900052921963329,0.11347458622388784
2021-03-31,0.04331935786395984,0.8705843969577303,0.028938906752411574,0.9898031503038679,0.47013733631427657,0.0007457121551081282,0.694733305198276,0.12577580208089215
2021-04-01,0.03948529817399459,0.8712403508562914,0.022508038585209004,0.9900512057265366,0.4270201213669754,0.0004971414367387521,0.6978404953993359,0.14059727048417364
2021-04-02,0.0293346941027197,0.8717276767180585,0.01527331189710611,0.9902195290490619,0.3647396997764293,0.0004971414367387521,0.6996097220253694,0.1483431393946826
2021-04-03,0.027790036961438738,0.8721893417916179,0.021704180064308683,0.9904587253494924,0.3695305014372405,0.0014914243102162564,0.7015638512949736,0.15385955412963867
2021-04-04,0.026548794615766536,0.8726303865889389,0.018488745980707395,0.9906624851609702,0.31555413605876714,0.0007457121551081282,0.7022449155412313,0.1551709707684804
2021-04-05,0.03017598058145308,0.8731316884157121,0.008038585209003215,0.9907510763833519,0.3618652187799425,0.0012428535918468805,0.7026847011589764,0.1568343953404203
2021-04-06,0.03529265736194627,0.8737179916034236,0.018488745980707395,0.9909548361948298,0.38486106675183646,0.004225702212279393,0.70398418084569,0.1623714603602603
2021-04-07,0.03569261322888509,0.8743109391023673,0.02009646302250804,0.991176314250784,0.3474928137975088,0.003231419338801889,0.7054079259076633,0.17582054965975213
2021-04-08,0.03417553925084128,0.8748786840414642,0.02491961414790997,0.9914509470401672,0.26700734589587993,0.0017399950285856326,0.7067551266745884,0.1901418222736232
2021-04-09,0.03189992828377558,0.8754086251407907,0.013665594855305467,0.9916015521182161,0.272436921111466,0.0014914243102162564,0.7083082718259427,0.20461763667761695
2021-04-10,0.026038506095879075,0.8758411927134359,0.014469453376205787,0.9917610163185031,0.20568508463749602,0.0012428535918468805,0.7102509141577699,0.22047444329567675
2021-04-11,0.026162630330446295,0.8762758223137049,0.01527331189710611,0.9919293396410284,0.23890130948578728,0.002982848620432513,0.7111627493959102,0.22601694445888787
2021-04-12,0.030810393335907762,0.8767876633927778,0.02009646302250804,0.9921508176969825,0.3024592781858831,0.002982848620432513,0.7117576086736438,0.2319028404449208
2021-04-13,0.026300546146632096,0.8772245841348512,0.01527331189710611,0.9923191410195078,0.312360268284893,0.002734277902063137,0.7126862243692739,0.24010905185999587
2021-04-14,0.026728085176808077,0.8776686074165176,0.007234726688102894,0.9923988731196514,0.3043755988502076,0.00571712652249565,0.7147450065236014,0.2503608416660763
2021-04-15,0.024797263750206872,0.8780805547129246,0.013665594855305467,0.9925494781977001,0.28393484509741296,0.007208550832711907,0.7172177154518766,0.2632542441542132
2021-04-16,0.024893804821536934,0.8784941058085943,0.012057877813504822,0.9926823650312727,0.25135739380389654,0.008451404424558787,0.71991113768458,0.2789361057946923
2021-04-17,0.018053180338721244,0.8787940162707726,0.013665594855305467,0.9928329701093216,0.21909932928776749,0.011185682326621925,0.7229351931585493,0.2957060433005763
2021-04-18,0.02936227726595686,0.8792818003609006,0.012057877813504822,0.9929658569428941,0.18428617055253912,0.004225702212279393,0.7247768880694521,0.3024863260696927
2021-04-19,0.02932090252110112,0.8797688971084874,0.012861736334405145,0.9931076028987048,0.3557968700095816,0.017399950285856326,0.7269435786231264,0.3095352390404614
2021-04-20,0.026714293595189495,0.8802126912759736,0.013665594855305467,0.9932582079767537,0.25934206323858194,0.013174248073576932,0.7291318138020322,0.3190416771109454
2021-04-21,0.02927952777624538,0.880699100681019,0.013665594855305467,0.9934088130548026,0.3359948898115618,0.015659955257270694,0.7315792991088756,0.3309818130293555
2021-04-22,0.025928173442930434,0.8811298353402208,0.011254019292604502,0.9935328407661369,0.3417438518045353,0.019388516032811335,0.734294715915986,0.34329736053706555
2021-04-23,0.02173553263088211,0.8814909192885729,0.013665594855305467,0.9936834458441858,0.23826253593101246,0.017399950285856326,0.7371483729903979,0.35715112482101763
2021-04-24,0.016618855850388924,0.8817670018759869,0.005627009646302251,0.993745459699853,0.15937400191632067,0.014168530947054437,0.7404653189100802,0.3744793613110453
2021-04-25,0.024452474209742375,0.8821732213178831,0.00964630225080386,0.9938517691667109,0.1526668795911849,0.02212279393487447,0.7420892648875941,0.38236198099700774
2021-04-26,0.02875544767473934,0.8826509243840723,0.007234726688102894,0.9939315012668545,0.33567550303417437,0.025105642555306985,0.7437305206745691,0.39070024833644307
2021-04-27,0.02334914768025597,0.8830388146915344,0.008038585209003215,0.9940200924892362,0.2551900351325455,0.025105642555306985,0.745941465053043,0.40154842542989744
2021-04-28,0.027845203287913057,0.8835013962218156,0.01045016077170418,0.9941352610783324,0.25998083679335676,0.03231419338801889,0.7486244325843135,0.415239987903522
2021-04-29,0.02428697523031941,0.8839048662935466,0.008842443729903537,0.9942327114229522,0.2618971574576813,0.02609992542878449,0.7515495257072506,0.4292295851724883
2021-04-30,0.019404755337342088,0.8842272299454067,0.006430868167202572,0.9943035844008575,0.21271159374001916,0.03529704200845141,0.7545810715116135,0.4418150689682451
2021-05-01,0.015501737739283941,0.884484754284206,0.005627009646302251,0.9943655982565247,0.14595975726604918,0.03156848123291076,0.7578259196928064,0.4535969919347753
2021-05-02,0.016742980084956144,0.8847628988992439,0.008038585209003215,0.9944541894789064,0.10507824976045992,0.03181705195128014,0.7596885769417722,0.4583241774912107
2021-05-03,0.02334914768025597,0.8851507892067059,0.006430868167202572,0.9945250624568118,0.17087192590226766,0.036539895600298286,0.7612201510002966,0.46162003355794845
2021-05-04,0.028121034920284657,0.8856179530205955,0.007234726688102894,0.9946047945569553,0.2510380070265091,0.05070842654735272,0.7637852053799629,0.4688939816845034
2021-05-05,0.02810724333866608,0.8860848877203047,0.00964630225080386,0.9947111040238134,0.22452890450335355,0.06587124036788466,0.7666046398494312,0.48124641730794626
2021-05-06,0.024824846913444033,0.8864972932450724,0.005627009646302251,0.9947731178794805,0.2235707441711913,0.06388267462092966,0.7692614309257214,0.49615786447390997
2021-05-07,0.02147349258012909,0.8868540240239965,0.006430868167202572,0.9948439908573858,0.20121366975407218,0.06984837186179468,0.7721223930573372,0.5108081296606325
2021-05-08,0.016563689523914602,0.8871291901546887,0.006430868167202572,0.9949148638352912,0.13765570105397637,0.055182699478001494,0.7758037184064547,0.5250891606937041
2021-05-09,0.025459259667898713,0.887552134931756,0.006430868167202572,0.9949857368131966,0.12871287128712872,0.061894108873974646,0.7777605473711124,0.5305886316051657
2021-05-10,0.02990014894908148,0.8880488544749207,0.006430868167202572,0.9950566097911019,0.264771638454168,0.11981108625403927,0.779709541926595,0.53693402290459
2021-05-11,0.024038726761184973,0.888448200491404,0.01045016077170418,0.9951717783801981,0.19482593420632385,0.09942828734775043,0.7823364775517048,0.5477584080458875
2021-05-12,0.024342141556793734,0.8888525870198569,0.007234726688102894,0.9952515104803417,0.17725966145001598,0.10937111608252548,0.7863224184926993,0.5620122936617357
2021-05-13,0.02278369283389419,0.8892310836459214,0.003215434083601286,0.9952869469692943,0.13765570105397637,0.0686055182699478,0.7910200202238921,0.575307370665589
2021-05-14,0.02006675125503393,0.889564444778442,0.002411575562700965,0.9953135243360088,0.14116895560523796,0.08376833209047974,0.7960093213588624,0.5873053626813064
2021-05-15,0.017349809676173663,0.8898526704174186,0.005627009646302251,0.995375538191676,0.10284254231874801,0.0842654735272185,0.8016227814031771,0.5998483457197978
2021-05-16,0.020990787223478788,0.8902013822000276,0.00482315112540193,0.9954286929251049,0.07952730756946662,0.07680835197613721,0.8044619077659771,0.605310857916262
2021-05-17,0.03089314282561924,0.8907145979641831,0.0040192926045016075,0.9954729885362958,0.18811881188118812,0.18568232662192394,0.8066140146728427,0.6124156855045625
2021-05-18,0.02948640150052408,0.8912044440819349,0.002411575562700965,0.9954995659030104,0.14500159693388695,0.20059656972408652,0.8107374018531819,0.62181396550174
2021-05-19,0.02992773211231864,0.8917016218534604,0.002411575562700965,0.9955261432697249,0.17885659533695306,0.20730797912005966,0.8170590289646842,0.6326657784573192
2021-05-20,0.026355712473106415,0.8921394590522554,0.0040192926045016075,0.9955704388809157,0.15298626636857235,0.19786229182202336,0.8233315851484482,0.6456308038993527
2021-05-21,0.024755889005351132,0.892550719006121,0.005627009646302251,0.9956324527365829,0.09517725966145002,0.16281382053194135,0.8284054502608316,0.6586966450911784
2021-05-22,0.021156286202901747,0.8929021801588952,0.002411575562700965,0.9956590301032974,0.08272117534334078,0.17176236639323889,0.8332911836826196,0.6771013791672231
2021-05-23,0.025362718596568655,0.8933235211366995,0.00482315112540193,0.9957121848367264,0.06802938358351965,0.16803380561769823,0.8360274834249972,0.6848652155905627
2021-05-24,0.036051194350968166,0.8939224256043344,0.006430868167202572,0.9957830578146317,0.10092622165442351,0.29778772060651254,0.8383513650465453,0.6939854050846367
2021-05-25,0.03698902190103161,0.8945369098362383,0.002411575562700965,0.9958096351813462,0.09453848610667519,0.3161819537658464,0.8425278991648016,0.7053534398626816
2021-05-26,0.04232636398742208,0.8952400612559673,0.008038585209003215,0.9958982264037279,0.10986905142127117,0.32861048968431517,0.8480174908478353,0.718261138701892
2021-05-27,0.040809290009378274,0.8959180101158493,0.005627009646302251,0.9959602402593951,0.1047588629830725,0.2923191648023863,0.8543014280989819,0.7308443633211829
2021-05-28,0.038975009654107134,0.8965654867897346,0.00482315112540193,0.9960133949928242,0.10795273075694667,0.3755903554561273,0.858992015916555,0.7439463160368313
2021-05-29,0.032961880068406245,0.897113069680954,0.0040192926045016075,0.996057690604015,0.06802938358351965,0.4021874223216505,0.8631968703652754,0.7573141455828141
2021-05-30,0.034934076239863186,0.8976934158999742,0.005627009646302251,0.9961197044596821,0.05908655381667199,0.3731046482724335,0.8657854809076639,0.7634324190481475
2021-05-31,0.04218844817123628,0.8983942761778989,0.005627009646302251,0.9961817183153493,0.06930693069306931,0.4335073328361919,0.8676171445987109,0.7686419034804273
2021-06-01,0.059703756826832904,0.8993861114649653,0.002411575562700965,0.9962082956820638,0.08559565633982753,0.5824011931394482,0.8695091279468858,0.7781746750765922
2021-06-02,0.06784078998179512,0.9005131241184832,0.007234726688102894,0.9962880277822074,0.08623442989460237,0.6211782252050708,0.8729536212240496,0.7881017435653271
2021-06-03,0.06850278589948695,0.9016511342526616,0.008038585209003215,0.9963766190045891,0.060044714148834236,0.6132239622172508,0.877128037934421,0.7989947864914096
2021-06-04,0.06539968003530645,0.9027375936962441,0.006430868167202572,0.9964474919824944,0.09421909932928776,0.6619438230176485,0.8810232744151355,0.8103056358651606
2021-06-05,0.053221713466100294,0.9036217453185099,0.003215434083601286,0.996482928471447,0.06739061002874482,0.6273924931643052,0.8857536165657524,0.8252986251816916
2021-06-06,0.0635653996800353,0.9046777325760957,0.0040192926045016075,0.9965272240826379,0.05557329926541041,0.6189410887397464,0.888354190462692,0.8329703648644121
2021-06-07,0.09094168919291665,0.906188511481828,0.003215434083601286,0.9965626605715906,0.07569466624081762,0.8883917474521501,0.8905588884879048,0.841233867582678
2021-06-08,0.0886247034809952,0.9076607992052488,0.005627009646302251,0.9966246744272578,0.05365697860108592,0.7874720357941835,0.8933270287513553,0.8499272845224844
2021-06-09,0.09240359684448612,0.9091958642141063,0.003215434083601286,0.9966601109162104,0.044714148834238264,0.6967437235893612,0.8972709656134282,0.8588417830592617
2021-06-10,0.0900728195509461,0.9106922089264717,0.007234726688102894,0.996739843016354,0.0297029702970297,0.5575441213025105,0.9018691285768148,0.8676180482360297
2021-06-11,0.08736966955370441,0.9121436472594736,0.00482315112540193,0.9967929977497829,0.01916320664324497,0.4337559035545613,0.9065201208669356,0.8763553073191281
2021-06-12,0.07235063717107078,0.913345580249991,0.01045016077170418,0.9969081663388791,0.016927499201533056,0.3348247576435496,0.9125850916751594,0.8861791243834434
2021-06-13,0.08137033154962212,0.9146973539145075,0.005627009646302251,0.9969701801945463,0.008942829766847652,0.29132488192890876,0.9158080511523397,0.8915240888044145
2021-06-14,0.11973851161251173,0.9166865232289703,0.006430868167202572,0.9970410531724516,0.009262216544235069,0.3338304747700721,0.9186771123691161,0.8972807881363019
2021-06-15,0.1221658299773818,0.9187160166391882,0.01045016077170418,0.9971562217615478,0.022037687639731716,0.6952522992791449,0.9226334360673172,0.9033125422029166
2021-06-16,0.12626192971810007,0.9208135569609929,0.008038585209003215,0.9972448129839295,0.015011178537208559,0.623912503107134,0.9271279783823242,0.9095643541771661
2021-06-17,0.12681359298284328,0.9229202618500145,0.0040192926045016075,0.9972891085951204,0.009581603321622485,0.49540144171016653,0.9327092008915875,0.9156017208853133
2021-06-18,0.11725602692116732,0.9248681906120007,0.008038585209003215,0.9973776998175021,0.01341424465027148,0.6850608998260005,0.9378672859026027,0.9213436296712754
2021-06-19,0.0956032437799967,0.9264564101107171,0.014469453376205787,0.9975371640177891,0.0063877355477483235,0.3867760377827492,0.9445483430026088,0.9283495476899267
2021-06-20,0.11030506978540298,0.9282888653257683,0.01607717041800643,0.9977143464625525,0.0063877355477483235,0.46109868257519265,0.9481971661406893,0.9311337708863953
2021-06-21,0.17085011309096929,0.9311271317928917,0.01045016077170418,0.9978295150516486,0.009262216544235069,0.596818294804872,0.9513817475999512,0.9343933036315167
2021-06-22,0.1818695868042147,0.9341484604901761,0.007234726688102894,0.9979092471517922,0.009900990099009901,0.7991548595575442,0.9555178656951999,0.9386170811320041
2021-06-23,0.19843327632812932,0.9374449553181525,0.0040192926045016075,0.9979535427629831,0.009900990099009901,0.686055182699478,0.960054809103107,0.942789144671201
2021-06-24,0.20239146025266178,0.9408072059159114,0.01527331189710611,0.9981218660855082,0.00830405621207282,0.7119065374098931,0.9651041916868184,0.9474591801229747
2021-06-25,0.1999503503061731,0.9441289033037349,0.01527331189710611,0.9982901894080335,0.00670712232513574,0.4742729306487696,0.9696391764924318,0.9520469674315356
2021-06-26,0.18145583935565732,0.9471433585756063,0.005627009646302251,0.9983522032637007,0.009581603321622485,0.7979120059656972,0.9751310179213434,0.9582717398874584
2021-06-27,0.20730126330887627,0.9505871738215971,0.013665594855305467,0.9985028083417495,0.006068348770360907,0.5846383296047726,0.9781309084778232,0.9617049115237661
2021-06-28,0.3150962652396977,0.9558217455018013,0.007234726688102894,0.998582540441893,0.005110188438198659,0.540641312453393,0.9806936072412173,0.9652578901120329
2021-06-29,0.31243448998731177,0.9610120981451833,0.01607717041800643,0.9987597228866564,0.005748961992973491,1.0,0.983542420745092,0.9691595937675958
2021-06-30,0.322212721354885,0.9663648927424876,0.01527331189710611,0.9989280462091816,0.0047908016608112424,0.4926671638081034,0.9864800859773472,0.9738878383129995
2021-07-01,0.3247917471175594,0.9717605316915316,0.014469453376205787,0.9990875104094686,0.0019163206643244969,0.30002485707183696,0.9894941366990591,0.9789364976206106
2021-07-02,0.2986704915319689,0.976722228382848,0.018488745980707395,0.9992912702209465,0.0,0.002734277902063137,0.9920933607484719,0.9837332587522702
2021-07-03,0.27714183262536546,0.9813262778385184,0.01929260450160772,0.9995038891546626,0.0,0.0012428535918468805,0.995212990720857,0.9896178133522765
2021-07-04,0.2934710652617642,0.986201598483814,0.01527331189710611,0.9996722124771877,0.002235707441711913,0.002734277902063137,0.9967851925431775,0.9926236476402002
2021-07-05,0.405555249075964,0.9929389300734357,0.01607717041800643,0.9998493949219511,0.0,0.00024857071836937607,0.9982705012394115,0.9962877847705173
2021-07-06,0.4250427539030176,1.0,0.013665594855305467,1.0,0.0,0.00024857071836937607,1.0,1.0
